---
layout: null
---
<?xml version="1.0" encoding="utf-8"?>
<feed xmlns="http://www.w3.org/2005/Atom">
  <title>News 'n' Updates | {{ site.title }}</title>
  <link href="{{ site.url }}/feed.xml" rel="self"/>
  <link href="{{ site.url }}/"/>
  <updated>{{ site.time | date_to_xmlschema }}</updated>
  <id>{{ site.url }}/</id>
  <author>
    <name>{{ site.author.name }}</name>
  </author>
  <generator>Jekyll v{{ jekyll.version }}</generator>

  {% for post in site.posts limit: 10 %}
  <entry>
    <title>{{ post.title | xml_escape }}</title>
    <link href="{{ site.url }}{{ post.url }}"/>
    <updated>{{ post.date | date_to_xmlschema }}</updated>
    <id>{{ site.url }}{{ post.id }}</id>
    <content type="html">{{ post.content | xml_escape }}</content>
  </entry>
  {% endfor %}
</feed>
